{
  "completed_at": "2026-02-14 15:44:36",
  "elapsed_seconds": 14427.75,
  "input": "stock_data\\korean_market_10y_with_indicators.parquet",
  "output_dir": "logs\\indicator_combo_optimizer\\20260214_114408",
  "best_strategy": {
    "features": [
      0,
      7,
      9,
      10,
      11,
      12,
      18,
      21,
      22,
      23,
      29,
      33,
      34,
      37
    ],
    "weights": [
      0.054068759083747864,
      0.10487648099660873,
      0.038326721638441086,
      0.1267368495464325,
      0.07087837159633636,
      0.18985775113105774,
      0.16397415101528168,
      0.03161492943763733,
      0.09219464659690857,
      0.023845016956329346,
      0.018832294270396233,
      0.02256637252867222,
      0.02618243545293808,
      0.03604523092508316
    ],
    "score": 0.6175880170725389,
    "score_mean": 0.621332465323446,
    "score_std": 0.01497779300362876,
    "top_hit_mean": 0.49753332138061523,
    "lift_mean": 1.14291922428369,
    "brier_mean": 0.24562067538499832,
    "logloss_mean": 0.6843600273132324,
    "feature_names": [
      "SMA_5",
      "MACDh_12_26_9",
      "ADX_14",
      "DMP_14",
      "DMN_14",
      "PSARl_0.02_0.2",
      "RSI_14",
      "CCI_14_0.015",
      "ROC_10",
      "WILLR_14",
      "BBP_20_2.0_2.0",
      "STDEV_20",
      "OBV",
      "VWMA_20"
    ]
  },
  "top_candidates_path": "logs\\indicator_combo_optimizer\\20260214_114408\\top_candidates.csv"
}