{
  "completed_at": "2026-02-14 16:49:24",
  "elapsed_seconds": 130.47,
  "input": "stock_data\\korean_market_10y_with_indicators.parquet",
  "output_dir": "logs\\indicator_combo_optimizer\\20260214_164714",
  "best_strategy": {
    "features": [
      11,
      18,
      21,
      22,
      25,
      26,
      30
    ],
    "weights": [
      0.31274333596229553,
      0.1658206433057785,
      0.2166006714105606,
      0.1286974996328354,
      0.0034468683879822493,
      0.03192446380853653,
      0.14076651632785797
    ],
    "score": 0.6111250438360167,
    "score_mean": 0.6144468649909703,
    "score_std": 0.013287284619814228,
    "top_hit_mean": 0.4939843863248825,
    "lift_mean": 1.1347352451795858,
    "brier_mean": 0.24567289650440216,
    "logloss_mean": 0.6844665110111237,
    "feature_names": [
      "DMN_14",
      "RSI_14",
      "CCI_14_0.015",
      "ROC_10",
      "BBL_20_2.0_2.0",
      "BBM_20_2.0_2.0",
      "KCLe_20_2"
    ]
  },
  "top_candidates_path": "logs\\indicator_combo_optimizer\\20260214_164714\\top_candidates.csv"
}